game_id,event_idx,period,period_time,eventType,x,y,empty_net,raw_shot_type,game_seconds,last_eventType,last_x,last_y,last_game_seconds,time_since_last_event,dist_from_last_event,shot_distance,shot_angle,shotType,is_goal,isRebound,angle_change_on_rebound,play_speed
2016020009,660,3,17:55,goal,1.0,-20.0,0,slap,3475,faceoff,21.0,23.0,3469.0,6.0,47.4236228055175,90.24411338142782,12.804266065286752,slap,1,0,0.0,7.903937134252917
2016020023,91,1,09:22,goal,2.0,10.0,0,snap,562,blocked-shot,80.0,10.0,560.0,2.0,78.0,87.5728268357257,6.556946498163389,snap,1,1,41.45584100601995,39.0
2016020031,268,2,03:53,goal,6.0,-12.0,0,wrist,1433,blocked-shot,70.0,-1.0,1396.0,37.0,64.93843238021688,83.86298349093002,8.226722464108173,wrist,1,1,5.213934959924833,1.7550927670328886
2016020033,682,3,18:24,goal,4.0,7.0,0,wrist,3504,hit,66.0,-25.0,3498.0,6.0,69.77105417004964,85.28774824088158,4.7078522443722255,wrist,1,0,0.0,11.628509028341606
2016020091,702,3,17:41,goal,9.0,-31.0,0,wrist,3461,missed-shot,7.0,-34.0,3442.0,19.0,3.605551275463989,85.7962703152066,21.18134950026624,wrist,1,1,1.339216102630651,0.1897658566033678
2016020102,653,3,19:16,goal,3.0,40.0,0,wrist,3556,takeaway,46.0,-4.0,3553.0,3.0,61.5223536610881,94.847245611035,24.94390526342458,wrist,1,0,0.0,20.5074512203627
2016020182,594,3,19:24,goal,7.0,-38.0,0,slap,3564,takeaway,24.0,-40.0,3561.0,3.0,17.11724276862369,90.37698822156004,24.863696571751863,slap,1,0,0.0,5.70574758954123
2016020187,579,3,18:28,goal,4.0,3.0,0,wrist,3508,missed-shot,82.0,36.0,3499.0,9.0,84.69356528095862,85.05292469985967,2.0213649403560154,wrist,1,1,76.9750942078945,9.410396142328736
2016020199,673,3,18:11,goal,15.0,-37.0,0,wrist,3491,blocked-shot,54.0,0.0,3468.0,23.0,53.75872022286245,82.73451516749222,26.56505117707799,wrist,1,1,26.56505117707799,2.3373356618635848
2016020298,610,3,17:51,goal,4.0,-26.0,0,wrist,3471,faceoff,0.0,0.0,3452.0,19.0,26.30589287593181,88.88756943465155,17.007946955407327,wrist,1,0,0.0,1.3845206776806216
2016020305,304,2,05:43,goal,8.0,-25.0,0,slap,1543,giveaway,53.0,-23.0,1524.0,19.0,45.044422518220834,84.77027781009096,17.152421740211835,slap,1,0,0.0,2.37075907990636
2016020342,706,3,19:36,goal,7.0,-39.0,0,snap,3576,faceoff,0.0,0.0,3573.0,3.0,39.6232255123179,90.80198235721508,25.43621638041735,snap,1,0,0.0,13.2077418374393
2016020413,649,3,18:27,goal,9.0,-20.0,0,backhand,3507,missed-shot,75.0,-23.0,3488.0,19.0,66.06814663663572,82.46211251235322,14.03624346792648,backhand,1,1,44.63506366426937,3.477270875612406
2016020423,587,3,19:08,goal,15.0,36.0,0,wrist,3548,blocked-shot,68.0,-2.0,3529.0,19.0,65.21502894272147,82.29216244576394,25.942295489871672,wrist,1,1,20.501963458866165,3.432369944353762
2016020424,612,3,19:01,goal,7.0,-27.0,0,wrist,3541,faceoff,21.0,-22.0,3506.0,35.0,14.866068747318506,86.33075929238663,18.22507511135446,wrist,1,0,0.0,0.4247448213519573
2016020431,631,3,19:34,goal,13.0,-36.0,0,wrist,3574,blocked-shot,45.0,-4.0,3552.0,22.0,45.254833995939045,84.09518416651456,25.34617594194669,wrist,1,1,20.151747034211883,2.05703790890632
2016020434,620,3,19:02,goal,9.0,22.0,0,wrist,3542,shot-on-goal,44.0,-21.0,3516.0,26.0,55.44366510251645,82.96987405076617,15.376251248826188,wrist,1,1,9.640642229273835,2.132448657789094
2016020452,597,3,18:56,goal,1.0,-37.0,0,backhand,3536,blocked-shot,51.0,-8.0,3532.0,4.0,57.8013840664737,95.46203433826454,22.804540471321047,backhand,1,1,10.915882431693072,14.450346016618424
2016020459,663,3,19:13,goal,2.0,15.0,0,wrist,3553,giveaway,60.0,-36.0,3550.0,3.0,77.23341245859851,88.28363381737297,9.782407031807288,wrist,1,0,0.0,25.74447081953284
2016020473,638,3,16:33,goal,8.0,-16.0,0,wrist,3393,takeaway,92.0,-19.0,3381.0,12.0,84.0535543567314,82.56512580987206,11.173838241814732,wrist,1,0,0.0,7.00446286306095
2016020606,619,3,18:38,goal,1.0,-35.0,0,wrist,3518,takeaway,8.0,-26.0,3485.0,33.0,11.40175425099138,94.70480452437458,21.6890649646158,wrist,1,0,0.0,0.3455077045754963
2016020607,639,3,18:46,goal,0.0,1.0,0,wrist,3526,blocked-shot,72.0,0.0,3518.0,8.0,72.00694410957877,89.00561780022652,0.6437457141753808,wrist,1,1,0.6437457141753808,9.000868013697346
2016020609,581,3,18:55,goal,1.0,-39.0,0,wrist,3535,hit,14.0,-38.0,3486.0,49.0,13.038404810405298,96.25487000666512,23.902050411010848,wrist,1,0,0.0,0.266089894089904
2016020609,595,3,19:44,goal,7.0,19.0,0,snap,3584,missed-shot,49.0,2.0,3578.0,6.0,45.31004303683677,84.17244204607586,13.045637062948602,snap,1,1,10.183231836836857,7.551673839472794
2016020613,641,3,19:56,goal,16.0,37.0,0,wrist,3596,missed-shot,37.0,-15.0,3586.0,10.0,56.08029957123981,81.8413098624405,26.878139752098647,wrist,1,1,10.787323403246477,5.608029957123981
2016020636,637,3,18:16,goal,8.0,24.0,0,snap,3496,faceoff,68.0,-23.0,3488.0,8.0,76.21679604916491,84.48076704197234,16.504361381755018,snap,1,0,0.0,9.527099506145614
2016020669,592,3,17:52,goal,1.0,-8.0,0,wrist,3472,blocked-shot,75.0,1.0,3446.0,26.0,74.54528824815154,88.36288813749809,5.194428907734806,wrist,1,1,1.1088121277599292,2.8671264710827518
2016020700,720,3,19:25,goal,9.0,15.0,0,wrist,3565,shot-on-goal,76.0,7.0,3523.0,42.0,67.47592163134935,81.39410298049853,10.619655276155134,wrist,1,1,17.681100489851246,1.6065695626511751
2016020732,661,3,17:36,goal,10.0,37.0,0,wrist,3456,hit,79.0,-40.0,3440.0,16.0,103.39245620450264,87.23531395025755,25.096250462692165,wrist,1,0,0.0,6.462028512781416
2016020759,631,3,19:46,goal,10.0,15.0,0,wrist,3586,giveaway,29.0,-27.0,3581.0,5.0,46.09772228646444,80.4114419718985,10.75096699318805,wrist,1,0,0.0,9.219544457292889
2016020779,592,3,19:42,goal,3.0,1.0,0,wrap-around,3582,takeaway,25.0,3.0,3580.0,2.0,22.09072203437452,86.00581375697809,0.6661999701831416,wrap-around,1,0,0.0,11.04536101718726
2016020818,686,3,19:22,goal,9.0,-5.0,0,snap,3562,blocked-shot,82.0,0.0,3552.0,10.0,73.17103251970687,80.15609770940699,3.576334374997351,snap,1,1,3.576334374997351,7.317103251970687
2016020825,631,3,19:24,goal,7.0,35.0,0,wrist,3564,faceoff,0.0,0.0,3559.0,5.0,35.6931365951495,89.15716460273958,23.114207983326832,wrist,1,0,0.0,7.138627319029899
2016020859,677,3,18:43,goal,9.0,-32.0,0,wrist,3523,blocked-shot,75.0,-11.0,3516.0,7.0,69.26037828369117,86.16263691415206,21.80140948635181,wrist,1,1,16.355817101017248,9.894339754813023
2016020865,623,3,18:05,goal,9.0,-36.0,0,wrist,3485,giveaway,97.0,-10.0,3475.0,10.0,91.76055797563568,87.72684879784524,24.22774531795417,wrist,1,0,0.0,9.176055797563569
2016020867,152,1,12:44,goal,7.0,14.0,0,slap,764,missed-shot,60.0,-9.0,752.0,12.0,57.77542730261716,83.18653737234169,9.688786560366802,slap,1,1,7.552672838573171,4.814618941884763
2016020977,624,3,19:49,goal,12.0,-38.0,0,wrist,3589,shot-on-goal,37.0,27.0,3580.0,9.0,69.6419413859206,85.86617494683223,26.26663835708311,wrist,1,1,1.1730895911161987,7.737993487324512
2016020986,687,3,19:00,goal,4.0,5.0,0,wrist,3540,shot-on-goal,36.0,-20.0,3527.0,13.0,40.60788100849391,85.14693182963201,3.3664606634298013,wrist,1,1,17.30796409744409,3.123683154499531
2016021010,590,3,19:58,goal,8.0,-13.0,0,wrist,3598,hit,94.0,-33.0,3588.0,10.0,88.29496021857646,82.03657720797473,9.117862753795787,wrist,1,0,0.0,8.829496021857647
2016021021,770,3,19:34,goal,6.0,26.0,0,wrist,3574,faceoff,20.0,-22.0,3559.0,15.0,50.0,86.97700845625813,17.393322146912038,wrist,1,0,0.0,3.333333333333333
2016021050,683,3,19:26,goal,1.0,-1.0,0,wrist,3566,hit,97.0,-14.0,3557.0,9.0,96.87620966986684,88.0056816347672,0.6510603802294862,wrist,1,0,0.0,10.764023296651873
2016021060,664,3,18:57,goal,4.0,38.0,0,wrist,3537,giveaway,11.0,29.0,3485.0,52.0,11.40175425099138,93.1074647920348,24.08745230863229,wrist,1,0,0.0,0.2192645048267573
2016021070,661,3,19:09,goal,18.0,38.0,0,backhand,3549,blocked-shot,73.0,-3.0,3540.0,9.0,68.60029154456998,80.52949770115296,28.156191448272576,backhand,1,1,17.536536172117444,7.622254616063332
2016021085,586,3,19:12,goal,3.0,28.0,0,wrist,3552,faceoff,69.0,-22.0,3531.0,21.0,82.80096617793781,90.44335243676012,18.034285567129857,wrist,1,0,0.0,3.942903151330372
2016021116,627,3,18:52,goal,16.0,39.0,0,wrist,3532,giveaway,95.0,0.0,3501.0,31.0,88.10221336606703,82.76472678623425,28.11320887605596,wrist,1,0,0.0,2.842006882776356
2016021175,456,3,04:21,goal,1.0,0.0,0,wrist,2661,blocked-shot,62.0,8.0,2649.0,12.0,61.5223536610881,88.0,0.0,wrist,1,1,16.504361381755018,5.126862805090675
2016021178,580,3,18:34,goal,6.0,16.0,0,wrist,3514,missed-shot,58.0,17.0,3472.0,42.0,52.009614495783374,84.52810183601665,10.911128384283383,wrist,1,1,17.82866690740466,1.238324154661509
2017020054,652,3,17:59,goal,6.0,35.0,0,wrist,3479,faceoff,69.0,22.0,3472.0,7.0,64.32728814430156,90.07774419910837,22.864508121899647,wrist,1,0,0.0,9.18961259204308
2017020069,650,3,19:21,goal,0.0,-9.0,0,wrist,3561,hit,58.0,-39.0,3524.0,37.0,65.29931086925804,89.45389874119518,5.774325902663275,wrist,1,0,0.0,1.7648462397096767
2017020078,611,3,19:36,goal,17.0,-39.0,0,slap,3576,faceoff,20.0,22.0,3550.0,26.0,61.07372593840988,81.88406438373708,28.44292862436335,slap,1,0,0.0,2.3489894591696108
2017020113,716,3,18:21,goal,6.0,26.0,0,wrist,3501,shot-on-goal,78.0,-36.0,3491.0,10.0,95.01578816175764,86.97700845625813,17.393322146912038,wrist,1,1,55.6158545611018,9.501578816175762
2017020120,650,3,18:57,goal,5.0,36.0,0,backhand,3537,shot-on-goal,74.0,2.0,3503.0,34.0,76.92203845452875,91.3892772703669,23.19859051364819,backhand,1,1,15.603947145056743,2.262412895721434
2017020174,636,3,19:41,goal,9.0,-23.0,0,wrist,3581,shot-on-goal,67.0,-1.0,3570.0,11.0,62.03224967708329,83.24061508662703,16.039943306049665,wrist,1,1,13.43738110354986,5.63929542518939
2017020178,645,3,18:46,goal,6.0,-33.0,0,wrist,3526,blocked-shot,74.0,-5.0,3523.0,3.0,73.53910524340094,89.31965069345043,21.68229161324493,wrist,1,1,3.247342790322925,24.513035081133648
2017020181,645,3,18:11,goal,7.0,12.0,0,wrist,3491,hit,85.0,39.0,3482.0,9.0,82.54089895318563,82.87339742040264,8.325650330426836,wrist,1,0,0.0,9.171210994798404
2017020192,622,3,18:05,goal,9.0,1.0,0,wrist,3485,missed-shot,49.0,33.0,3471.0,14.0,51.22499389946279,80.00624975587844,0.7161599454704085,wrist,1,1,38.80647132570071,3.6589281356759136
2017020211,448,3,05:20,goal,10.0,38.0,0,wrist,2720,faceoff,20.0,-22.0,2713.0,7.0,60.8276253029822,87.66413177577246,25.688143435647348,wrist,1,0,0.0,8.689660757568886
2017020223,617,3,19:40,goal,5.0,15.0,0,wrist,3580,blocked-shot,71.0,-9.0,3571.0,9.0,70.22819946431775,85.32877591996736,10.124671655397815,wrist,1,1,16.44037952168017,7.803133273813084
2017020237,705,3,19:25,goal,17.0,39.0,0,wrist,3565,giveaway,52.0,42.0,3544.0,21.0,35.12833614050059,81.88406438373708,28.44292862436335,wrist,1,0,0.0,1.6727779114524093
2017020239,675,3,17:37,goal,0.0,3.0,0,wrist,3457,takeaway,37.0,10.0,3455.0,2.0,37.65634076752546,89.05054744357274,1.930587441166992,wrist,1,0,0.0,18.82817038376273
2017020259,639,3,19:43,goal,6.0,-38.0,0,backhand,3583,blocked-shot,58.0,21.0,3578.0,5.0,78.64477096412705,91.28526715741155,24.599790605157462,backhand,1,1,9.514682340183796,15.728954192825409
2017020260,664,3,18:19,goal,4.0,-27.0,0,wrist,3499,shot-on-goal,62.0,23.0,3475.0,24.0,76.57675887630658,89.1852005660132,17.622297228668277,wrist,1,1,22.80378151143086,3.190698286512774
2017020326,36,1,02:26,goal,4.0,-35.0,0,wrist,146,hit,76.0,-38.0,137.0,9.0,72.06247289678588,91.92388155425118,22.380135051959574,wrist,1,0,0.0,8.006941432976209
2017020331,633,3,19:12,goal,6.0,37.0,0,wrist,3552,faceoff,20.0,22.0,3547.0,5.0,20.518284528683196,90.87353850269064,24.0265065786792,wrist,1,0,0.0,4.103656905736639
2017020391,585,3,19:31,goal,5.0,-35.0,0,wrist,3571,shot-on-goal,39.0,-18.0,3565.0,6.0,38.01315561749642,91.0,22.619864948040423,wrist,1,1,2.8209885935154944,6.335525936249404
2017020394,646,3,18:52,goal,14.0,36.0,0,backhand,3532,missed-shot,50.0,20.0,3523.0,9.0,39.395431207184416,83.19254774317228,25.641005824305285,backhand,1,1,1.508675873477884,4.377270134131602
2017020408,614,3,17:57,goal,7.0,-11.0,0,wrist,3477,takeaway,17.0,-3.0,3465.0,12.0,12.806248474865695,82.73451516749222,7.640406761026755,wrist,1,0,0.0,1.0671873729054748
2017020408,631,3,19:08,goal,7.0,30.0,0,wrist,3548,faceoff,69.0,22.0,3524.0,24.0,62.51399843235114,87.31551981177229,20.095231191904816,wrist,1,0,0.0,2.604749934681297
2017020429,599,3,18:25,goal,14.0,-33.0,0,wrist,3505,blocked-shot,80.0,-5.0,3498.0,7.0,71.69379331573968,81.93900170248598,23.74949449286676,wrist,1,1,5.305109606210387,10.241970473677098
2017020431,674,4,01:29,goal,17.0,37.0,0,wrist,3689,shot-on-goal,75.0,-14.0,3667.0,22.0,77.23341245859851,80.95060222135473,27.19812794850912,wrist,1,1,17.80187205149088,3.5106096572090237
2017020453,615,3,19:36,goal,2.0,-38.0,0,backhand,3576,faceoff,69.0,22.0,3424.0,152.0,89.9388681271896,94.93682109698008,23.594820569881477,backhand,1,0,0.0,0.591703079784142
2017020462,638,3,18:31,goal,0.0,-32.0,0,wrist,3511,blocked-shot,66.0,-20.0,3506.0,5.0,67.08203932499369,94.57801012920498,19.7760766026392,wrist,1,1,21.233010298931024,13.416407864998735
2017020468,658,3,19:44,goal,8.0,16.0,0,wrist,3584,missed-shot,49.0,-18.0,3565.0,19.0,53.2634959423431,82.56512580987206,11.173838241814732,wrist,1,1,13.053907076139438,2.803341891702269
2017020478,299,2,03:05,goal,7.0,-1.0,0,slap,1385,blocked-shot,70.0,9.0,1366.0,19.0,63.788713735268246,82.00609733428362,0.6986943829834713,slap,1,1,24.647481558963214,3.357300722908855
2017020498,673,3,19:49,goal,8.0,12.0,0,wrist,3589,giveaway,2.0,7.0,3585.0,4.0,7.810249675906654,81.88406438373708,8.426969021480673,wrist,1,0,0.0,1.9525624189766635
2017020504,636,3,19:54,goal,2.0,-32.0,0,wrist,3594,stoppage,0.0,0.0,3585.0,9.0,0.0,92.69843580125828,20.194334245183978,wrist,1,0,0.0,0.0
2017020543,686,3,19:46,goal,1.0,-31.0,0,wrist,3586,faceoff,69.0,-22.0,3572.0,14.0,68.59300255857006,93.30058949438636,19.405970754001174,wrist,1,0,0.0,4.899500182755005
2017020608,569,3,16:55,goal,5.0,36.0,0,wrist,3415,shot-on-goal,66.0,-12.0,3391.0,24.0,77.62087348130012,91.3892772703669,23.19859051364819,wrist,1,1,4.3542210630696125,3.2342030617208386
2017020615,706,3,19:55,goal,5.0,-26.0,0,backhand,3595,faceoff,69.0,22.0,3584.0,11.0,80.0,87.93179174792243,17.198541220065866,backhand,1,0,0.0,7.272727272727272
2017020646,627,3,16:48,goal,16.0,-35.0,0,wrist,3408,blocked-shot,71.0,-1.0,3405.0,3.0,64.66065264130884,80.95677859203639,25.615484320642167,wrist,1,1,22.43565420077793,21.55355088043628
2017020662,599,3,19:54,goal,7.0,-30.0,0,snap,3594,shot-on-goal,46.0,-20.0,3589.0,5.0,40.26164427839479,87.31551981177229,20.095231191904816,snap,1,1,4.848674071519763,8.052328855678958
2017020694,623,3,19:59,goal,11.0,32.0,0,wrist,3599,giveaway,15.0,39.0,3596.0,3.0,8.06225774829855,84.30895563343196,22.306205054907643,wrist,1,0,0.0,2.6874192494328497
2017020710,608,3,19:59,goal,1.0,27.0,0,wrist,3599,faceoff,69.0,-22.0,3588.0,11.0,83.81527307120105,92.04890004774636,17.056965576617063,wrist,1,0,0.0,7.619570279200095
2017020716,505,3,08:34,goal,15.0,-35.0,0,slap,2914,faceoff,69.0,-22.0,2884.0,30.0,55.54277630799526,81.85963596303125,25.312883801874136,slap,1,0,0.0,1.8514258769331755
2017020725,599,3,19:42,goal,5.0,17.0,0,wrist,3582,faceoff,69.0,-22.0,3574.0,8.0,74.94664769020693,85.70297544426332,11.441043868767425,wrist,1,0,0.0,9.368330961275866
2017020736,618,3,17:34,goal,13.0,36.0,0,wrist,3454,faceoff,69.0,-22.0,3431.0,23.0,80.62257748298549,84.09518416651456,25.34617594194669,wrist,1,0,0.0,3.505329455781978
2017020742,618,3,17:39,goal,16.0,33.0,0,backhand,3459,faceoff,69.0,-22.0,3451.0,8.0,76.38062581571324,80.11242100947892,24.32557523912611,backhand,1,0,0.0,9.547578226964156
2017020854,650,3,19:17,goal,13.0,-33.0,0,backhand,3557,faceoff,20.0,22.0,3518.0,39.0,55.44366510251645,82.85529554590944,23.47099311816088,backhand,1,0,0.0,1.4216324385260628
2017020865,606,3,19:52,goal,11.0,-37.0,0,wrist,3592,faceoff,69.0,22.0,3582.0,10.0,82.73451516749222,86.33075929238663,25.377743861349163,wrist,1,0,0.0,8.273451516749223
2017020947,168,1,16:24,goal,7.0,26.0,0,wrist,984,faceoff,69.0,22.0,963.0,21.0,62.12889826803627,86.02325267042627,17.5924245621816,wrist,1,0,0.0,2.958518965144584
2017021023,606,3,17:39,goal,7.0,30.0,0,wrist,3459,blocked-shot,70.0,-3.0,3454.0,5.0,71.11961754677819,87.31551981177229,20.095231191904816,wrist,1,1,11.122604577008422,14.223923509355638
2017021030,626,3,18:19,goal,10.0,-35.0,0,wrist,3499,shot-on-goal,37.0,14.0,3492.0,7.0,55.94640292279746,86.4060183089118,23.89516141507037,wrist,1,1,8.826673255578154,7.992343274685352
2017021043,609,3,19:45,goal,9.0,-33.0,0,snap,3585,shot-on-goal,58.0,-38.0,3523.0,62.0,49.25444142409901,86.53900854527974,22.416147479343643,snap,1,1,28.37664901568852,0.794426474582242
2017021054,617,3,18:11,goal,1.0,38.0,0,wrist,3491,hit,7.0,41.0,3462.0,29.0,6.708203932499369,95.85405573057407,23.355564859286005,wrist,1,0,0.0,0.2313173769827368
2017021058,643,3,17:27,goal,7.0,36.0,0,wrist,3447,blocked-shot,78.0,5.0,3445.0,2.0,77.47257579298626,89.55445270895244,23.702645950966243,wrist,1,1,0.7413088294502934,38.73628789649313
2017021061,637,3,19:16,goal,3.0,23.0,0,wrist,3556,blocked-shot,72.0,1.0,3530.0,26.0,72.42237223399962,89.02246907382428,14.97287576678692,wrist,1,1,11.60641510335712,2.785475855153832
2017021070,608,3,18:26,goal,5.0,16.0,0,wrist,3506,giveaway,79.0,38.0,3482.0,24.0,77.20103626247513,85.5102333057278,10.7842978675626,wrist,1,0,0.0,3.216709844269797
2017021071,695,3,18:26,goal,0.0,-41.0,0,wrist,3506,hit,90.0,-31.0,3501.0,5.0,90.55385138137416,97.9897953870708,24.734302529052496,wrist,1,0,0.0,18.110770276274835
2017021097,656,3,19:26,goal,4.0,24.0,0,wrist,3566,faceoff,0.0,0.0,3544.0,22.0,24.33105012119288,88.32326986700618,15.76718254247568,wrist,1,0,0.0,1.1059568236905852
2017021099,684,3,19:10,goal,6.0,-36.0,0,snap,3550,faceoff,69.0,-22.0,3536.0,14.0,64.53681120105021,90.47098982546837,23.448062577957817,snap,1,0,0.0,4.609772228646444
2017021103,663,3,18:10,goal,0.0,39.0,0,wrist,3490,faceoff,69.0,22.0,3479.0,11.0,71.06335201775947,97.16995420396162,23.663140708194348,wrist,1,0,0.0,6.460304728887224
2017021138,98,1,08:27,goal,3.0,40.0,0,deflected,507,faceoff,0.0,0.0,499.0,8.0,40.11234224026316,94.847245611035,24.94390526342458,deflected,1,0,0.0,5.014042780032895
2017021146,616,3,19:16,goal,2.0,27.0,0,wrist,3556,giveaway,61.0,3.0,3553.0,3.0,63.69458375717672,91.09335870413386,17.241459398939973,wrist,1,0,0.0,21.231527919058905
2017021195,627,3,19:42,goal,6.0,-35.0,0,wrist,3582,faceoff,69.0,22.0,3565.0,17.0,84.95881355103778,90.07774419910837,22.864508121899647,wrist,1,0,0.0,4.997577267708104
2017021199,617,3,19:58,goal,11.0,-37.0,0,wrist,3598,faceoff,69.0,-22.0,3559.0,39.0,59.90826320300064,86.33075929238663,25.377743861349163,wrist,1,0,0.0,1.536109312897452
2017021202,517,3,17:50,goal,4.0,1.0,0,wrist,3470,faceoff,20.0,22.0,3432.0,38.0,26.40075756488817,85.00588214941364,0.6740368979845053,wrist,1,0,0.0,0.6947567780233729
2017021238,591,3,19:21,goal,12.0,23.0,0,backhand,3561,shot-on-goal,66.0,38.0,3553.0,8.0,56.04462507680822,80.36168241145776,16.63095370672142,backhand,1,1,42.18407163454019,7.005578134601027
2017021258,630,3,19:17,goal,8.0,-29.0,0,wrist,3557,takeaway,38.0,32.0,3554.0,3.0,67.97793759742936,86.03487664894976,19.69862137458028,wrist,1,0,0.0,22.65931253247645
2017021271,607,3,19:34,goal,0.0,24.0,0,snap,3574,blocked-shot,76.0,-5.0,3570.0,4.0,81.34494452638098,92.17917335276988,15.091572678594876,snap,1,1,5.9459383468269404,20.336236131595246
2018020032,608,3,18:22,goal,1.0,-27.0,0,wrist,3502,faceoff,69.0,-22.0,3474.0,28.0,68.18357573492314,92.04890004774636,17.056965576617063,wrist,1,0,0.0,2.4351277048186835
2018020043,602,3,18:05,goal,4.0,-35.0,0,wrist,3485,hit,55.0,-40.0,3444.0,41.0,51.24451190127583,91.92388155425118,22.380135051959574,wrist,1,0,0.0,1.2498661439335568
2018020073,655,3,19:59,goal,1.0,-20.0,0,wrist,3599,blocked-shot,78.0,-8.0,3576.0,23.0,77.92945527847606,90.24411338142782,12.804266065286752,wrist,1,1,23.22310731981685,3.388237186020698
2018020088,640,3,19:09,goal,5.0,-32.0,0,wrist,3549,missed-shot,49.0,16.0,3449.0,100.0,65.11528238439882,89.88882021697692,20.854458039578347,wrist,1,1,0.9469514467734648,0.6511528238439882
2018020090,683,3,17:53,goal,10.0,-32.0,0,wrist,3473,shot-on-goal,62.0,30.0,3450.0,23.0,80.91971329657564,85.23496934944014,22.05106271907673,wrist,1,1,25.96172478510661,3.518248404198941
2018020093,659,3,18:53,goal,10.0,34.0,0,wrist,3533,blocked-shot,70.0,4.0,3508.0,25.0,67.08203932499369,86.00581375697809,23.28606491822357,wrist,1,1,11.397406878595593,2.683281572999748
2018020101,611,3,19:28,goal,3.0,2.0,0,wrist,3568,shot-on-goal,0.0,-2.0,3550.0,18.0,5.0,86.02325267042627,1.3322198538696388,wrist,1,1,0.0448909123446004,0.2777777777777778
2018020127,642,3,19:26,goal,4.0,18.0,0,wrist,3566,faceoff,20.0,22.0,3521.0,45.0,16.492422502470642,86.88498144098322,11.956584243149132,wrist,1,0,0.0,0.3664982778326809
2018020138,647,3,19:36,goal,4.0,-39.0,0,wrist,3576,faceoff,69.0,-22.0,3570.0,6.0,67.1863081289633,93.5200513259055,24.64677085193117,wrist,1,0,0.0,11.197718021493884
2018020182,670,3,19:40,goal,10.0,21.0,0,wrist,3580,stoppage,0.0,0.0,3578.0,2.0,0.0,81.74350127074322,14.886266849017565,wrist,1,0,0.0,0.0
2018020222,622,3,17:54,goal,1.0,-28.0,0,wrist,3474,giveaway,97.0,-7.0,3450.0,24.0,98.2700361249552,92.34717104492157,17.650124219930124,wrist,1,0,0.0,4.0945848385398
2018020228,586,3,19:11,goal,12.0,-33.0,0,backhand,3551,takeaway,87.0,-28.0,3547.0,4.0,75.16648189186454,83.773504164503,23.19859051364819,backhand,1,0,0.0,18.79162047296613
2018020280,582,3,14:51,goal,2.0,-4.0,0,wrist,3291,shot-on-goal,43.0,4.0,3283.0,8.0,41.77319714841085,87.09190547921202,2.632434868986484,wrist,1,1,2.3373058591238203,5.221649643551356
2018020332,673,3,17:58,goal,6.0,-6.0,0,wrist,3478,giveaway,40.0,25.0,3446.0,32.0,46.01086828130936,83.21658488546619,4.134671373736423,wrist,1,0,0.0,1.4378396337909176
2018020336,653,3,18:51,goal,14.0,33.0,0,backhand,3531,hit,17.0,-39.0,3526.0,5.0,72.06247289678588,81.93900170248598,23.74949449286676,backhand,1,0,0.0,14.412494579357176
2018020358,499,3,03:39,goal,0.0,0.0,0,wrist,2619,takeaway,47.0,-38.0,2615.0,4.0,60.440052945046304,89.0,0.0,wrist,1,0,0.0,15.110013236261576
2018020365,647,3,18:21,goal,5.0,-8.0,0,wrist,3501,giveaway,14.0,-20.0,3499.0,2.0,15.0,84.38009243891595,5.440332031005506,wrist,1,0,0.0,7.5
2018020404,559,3,17:06,goal,1.0,34.0,0,wrist,3426,missed-shot,40.0,-18.0,3420.0,6.0,65.0,94.33981132056604,21.124719146072483,wrist,1,1,0.954065734222084,10.833333333333334
2018020511,725,3,18:18,goal,2.0,16.0,0,wrist,3498,faceoff,20.0,22.0,3465.0,33.0,18.97366596101028,88.45903006477066,10.420712396794508,wrist,1,0,0.0,0.5749595745760689
2018020519,701,3,19:41,goal,9.0,-2.0,0,wrist,3581,hit,96.0,18.0,3570.0,11.0,89.26925562588724,80.02499609497022,1.4320961841646465,wrist,1,0,0.0,8.115386875080658
2018020545,689,3,18:01,goal,12.0,-22.0,0,snap,3481,faceoff,69.0,-22.0,3460.0,21.0,57.0,80.0812087820857,15.945395900922854,snap,1,0,0.0,2.7142857142857144
2018020574,636,3,17:54,goal,4.0,22.0,0,wrist,3474,faceoff,69.0,22.0,3456.0,18.0,65.0,87.80091115700337,14.511059500169068,wrist,1,0,0.0,3.611111111111111
2018020614,639,3,19:27,goal,8.0,-12.0,0,wrist,3567,missed-shot,47.0,30.0,3553.0,14.0,57.3149195236284,81.88406438373708,8.426969021480673,wrist,1,1,27.11070877049371,4.093922823116314
2018020616,630,3,19:42,goal,4.0,-2.0,0,wrist,3582,faceoff,69.0,22.0,3566.0,16.0,69.28924880528002,85.0235261559999,1.3478872801985986,wrist,1,0,0.0,4.3305780503300015
2018020661,626,3,19:57,goal,2.0,15.0,0,wrist,3597,faceoff,0.0,0.0,3593.0,4.0,15.132745950421556,88.28363381737297,9.782407031807288,wrist,1,0,0.0,3.783186487605389
2018020727,578,3,17:51,goal,0.0,-1.0,0,wrist,3471,shot-on-goal,75.0,-31.0,3438.0,33.0,80.77747210701756,89.00561780022652,0.6437457141753808,wrist,1,1,65.0517050198879,2.4478021850611382
2018020728,627,3,19:42,goal,1.0,30.0,0,wrist,3582,takeaway,69.0,-2.0,3578.0,4.0,75.15317691222374,92.97311439335569,18.82471001824007,wrist,1,0,0.0,18.788294228055936
2018020750,676,3,19:39,goal,19.0,-39.0,0,wrist,3579,shot-on-goal,58.0,27.0,3567.0,12.0,76.66159403508382,80.1311425102625,29.124053494777428,wrist,1,1,11.930760276185012,6.388466169590319
2018020782,639,3,18:04,goal,6.0,-32.0,0,wrist,3484,blocked-shot,73.0,11.0,3481.0,3.0,79.61155694998057,88.95504482602435,21.08375458238065,wrist,1,1,13.424768405287754,26.53718564999352
2018020794,609,3,18:29,goal,4.0,37.0,0,wrist,3509,faceoff,0.0,0.0,3457.0,52.0,37.21558813185679,92.70382947861432,23.523209020459618,wrist,1,0,0.0,0.7156843871510922
2018020813,646,3,18:29,goal,2.0,-36.0,0,wrist,3509,missed-shot,7.0,36.0,3495.0,14.0,72.17340230306452,94.15412895885127,22.479434397103116,wrist,1,1,1.2232115538631303,5.155243021647466
2018020950,661,3,17:29,goal,2.0,31.0,0,snap,3449,faceoff,69.0,22.0,3441.0,8.0,67.60177512462228,92.35799911215054,19.612093708904077,snap,1,0,0.0,8.450221890577785
2018020970,578,3,17:05,goal,0.0,23.0,0,wrist,3425,faceoff,69.0,-22.0,3397.0,28.0,82.37718130647589,91.92388155425118,14.489762593884448,wrist,1,0,0.0,2.942042189516996
2018021023,584,3,15:03,goal,6.0,4.0,0,wrist,3303,takeaway,76.0,-1.0,3293.0,10.0,70.178344238091,83.09632964216891,2.7591076586202736,wrist,1,0,0.0,7.0178344238091
2018021062,683,3,19:39,goal,2.0,-38.0,0,backhand,3579,shot-on-goal,33.0,10.0,3573.0,6.0,57.14017850864661,94.93682109698008,23.594820569881477,backhand,1,1,13.470148914483657,9.523363084774436
2018021063,669,3,17:28,goal,15.0,36.0,0,wrist,3448,giveaway,56.0,35.0,3444.0,4.0,41.01219330881976,82.29216244576394,25.942295489871672,wrist,1,0,0.0,10.253048327204938
2018021086,616,3,19:03,goal,15.0,35.0,0,wrist,3543,giveaway,64.0,28.0,3527.0,16.0,49.49747468305833,81.85963596303125,25.312883801874136,wrist,1,0,0.0,3.093592167691145
2018021137,542,3,18:42,goal,0.0,14.0,0,snap,3522,blocked-shot,49.0,7.0,3522.0,0.0,49.49747468305833,90.09439494219384,8.939565003151525,snap,1,1,0.98668050350018,0.0
2018021155,631,3,17:47,goal,4.0,35.0,0,wrist,3467,faceoff,20.0,-22.0,3443.0,24.0,59.20304046246274,91.92388155425118,22.380135051959574,wrist,1,0,0.0,2.4667933526026142
2018021176,614,3,15:57,goal,11.0,26.0,0,wrist,3357,giveaway,41.0,26.0,3356.0,1.0,30.0,82.21921916437786,18.43494882292201,wrist,1,0,0.0,30.0
2018021178,602,3,17:33,goal,4.0,-4.0,0,slap,3453,hit,97.0,1.0,3448.0,5.0,93.1343116150004,85.09406559801923,2.6942842898561006,slap,1,0,0.0,18.626862323000083
2018021179,636,3,19:33,goal,2.0,-23.0,0,wrist,3573,blocked-shot,47.0,10.0,3557.0,16.0,55.80322571321482,89.98888820293314,14.808377039042396,wrist,1,1,1.4158792852912985,3.4877016070759264
2018021221,643,3,19:33,goal,5.0,34.0,0,slap,3573,shot-on-goal,48.0,15.0,3569.0,4.0,47.01063709417264,90.62008607367352,22.03622694014545,slap,1,1,1.9409957482406348,11.75265927354316
2018021238,718,3,19:15,goal,17.0,37.0,0,wrist,3555,takeaway,9.0,32.0,3554.0,1.0,9.433981132056603,80.95060222135473,27.19812794850912,wrist,1,0,0.0,9.433981132056603
2018021243,669,3,19:05,goal,10.0,27.0,0,wrist,3545,hit,93.0,30.0,3522.0,23.0,83.05419917138447,83.48652585896721,18.86899945506142,wrist,1,0,0.0,3.6110521378862814
2018021265,550,3,17:27,goal,6.0,-4.0,0,wrist,3447,faceoff,69.0,-22.0,3437.0,10.0,65.52098900352466,83.09632964216891,2.7591076586202736,wrist,1,0,0.0,6.552098900352466
2018021266,564,3,17:51,goal,14.0,-33.0,0,wrist,3471,blocked-shot,79.0,-8.0,3466.0,5.0,69.6419413859206,81.93900170248598,23.74949449286676,wrist,1,1,14.910313761223328,13.92838827718412
2019020006,736,3,19:43,goal,3.0,-3.0,0,wrist,3583,shot-on-goal,85.0,-9.0,3566.0,17.0,82.21921916437786,86.05230967266364,1.9978798564766749,wrist,1,1,64.03963116894515,4.836424656728109
2019020063,623,3,19:24,goal,7.0,25.0,0,snap,3564,faceoff,0.0,0.0,3541.0,23.0,25.96150997149434,85.72630868059116,16.955313052025204,snap,1,0,0.0,1.1287613031084496
2019020070,635,3,19:03,goal,4.0,34.0,0,backhand,3543,hit,67.0,35.0,3523.0,20.0,63.00793600809346,91.54780172128658,21.80140948635181,backhand,1,0,0.0,3.150396800404673
2019020104,598,3,17:10,goal,3.0,36.0,0,wrist,3430,blocked-shot,57.0,23.0,3427.0,3.0,55.54277630799526,93.23089616645332,22.71441235316724,wrist,1,1,12.992279047435648,18.514258769331757
2019020108,643,3,19:38,goal,6.0,-37.0,0,wrist,3578,faceoff,20.0,22.0,3564.0,14.0,60.63827174318213,90.87353850269064,24.0265065786792,wrist,1,0,0.0,4.331305124513009
2019020118,637,3,19:08,goal,10.0,-27.0,0,wrist,3548,takeaway,15.0,-1.0,3546.0,2.0,26.476404589747453,83.48652585896721,18.86899945506142,wrist,1,0,0.0,13.238202294873728
2019020135,557,3,18:57,goal,8.0,-29.0,0,slap,3537,blocked-shot,62.0,-7.0,3485.0,52.0,58.30951894845301,86.03487664894976,19.69862137458028,slap,1,1,5.164166294040159,1.1213369028548654
2019020142,616,3,18:15,goal,0.0,-39.0,0,wrist,3495,faceoff,69.0,-22.0,3478.0,17.0,71.06335201775947,97.16995420396162,23.663140708194348,wrist,1,0,0.0,4.180197177515263
2019020166,646,3,18:46,goal,5.0,-37.0,0,wrist,3526,blocked-shot,65.0,-1.0,3522.0,4.0,69.9714227381436,91.7877987534291,23.772348811364708,wrist,1,1,21.38640478097589,17.4928556845359
2019020181,769,3,19:14,goal,9.0,35.0,0,wrist,3554,giveaway,64.0,32.0,3551.0,3.0,55.08175741568164,87.32124598286491,23.629377730656817,wrist,1,0,0.0,18.360585805227213
2019020186,615,3,19:30,goal,15.0,-39.0,0,wrist,3570,blocked-shot,51.0,-18.0,3566.0,4.0,41.67733196834941,83.64807230295268,27.7904424794521,wrist,1,1,2.44426653750541,10.419332992087352
2019020243,673,3,19:54,goal,9.0,-1.0,0,wrist,3594,faceoff,69.0,22.0,3587.0,7.0,64.25729530566937,80.00624975587844,0.7161599454704085,wrist,1,0,0.0,9.179613615095624
2019020279,594,3,19:13,goal,4.0,26.0,0,wrist,3553,blocked-shot,77.0,0.0,3545.0,8.0,77.4919350642375,88.88756943465155,17.007946955407327,wrist,1,1,17.007946955407327,9.686491883029689
2019020284,641,3,18:27,goal,8.0,12.0,0,wrist,3507,giveaway,12.0,22.0,3507.0,0.0,10.770329614269007,81.88406438373708,8.426969021480673,wrist,1,0,0.0,0.0
2019020304,652,3,19:46,goal,0.0,37.0,0,wrist,3586,takeaway,4.0,38.0,3584.0,2.0,4.123105625617661,96.38464608017192,22.574138078648208,wrist,1,0,0.0,2.0615528128088303
2019020319,572,3,17:28,goal,7.0,-35.0,0,snap,3448,takeaway,7.0,-22.0,3446.0,2.0,13.0,89.15716460273958,23.114207983326832,snap,1,0,0.0,6.5
2019020355,620,3,18:58,goal,5.0,-37.0,0,wrist,3538,missed-shot,83.0,-7.0,3529.0,9.0,83.57032966310472,91.7877987534291,23.772348811364708,wrist,1,1,25.626356543630827,9.285592184789412
2019020358,651,3,19:29,goal,9.0,35.0,0,wrist,3569,blocked-shot,68.0,13.0,3549.0,20.0,62.96824596572466,87.32124598286491,23.629377730656817,wrist,1,1,8.130102354155976,3.148412298286233
2019020388,601,3,17:53,goal,11.0,-32.0,0,wrist,3473,blocked-shot,48.0,-8.0,3463.0,10.0,44.10215414239989,84.30895563343196,22.306205054907643,wrist,1,1,11.265264874583911,4.410215414239989
2019020389,601,3,14:47,goal,8.0,-1.0,0,wrist,3287,shot-on-goal,39.0,32.0,3282.0,5.0,45.27692569068709,81.00617260431454,0.7073193685442566,wrist,1,1,31.91192370264857,9.055385138137416
2019020412,600,3,19:31,goal,2.0,35.0,0,wrist,3571,faceoff,69.0,-22.0,3552.0,19.0,87.96590248499699,93.77632963600144,21.914866327191724,wrist,1,0,0.0,4.629784341315631
2019020423,564,3,19:22,goal,7.0,-17.0,0,wrist,3562,giveaway,41.0,-11.0,3552.0,10.0,34.52535300326414,83.74365647617735,11.712472311087508,wrist,1,0,0.0,3.4525353003264136
2019020454,627,3,19:57,goal,2.0,4.0,0,wrist,3597,giveaway,14.0,-4.0,3593.0,4.0,14.422205101855956,87.09190547921202,2.632434868986484,wrist,1,0,0.0,3.605551275463989
2019020457,585,3,17:37,goal,14.0,42.0,0,backhand,3457,blocked-shot,54.0,3.0,3451.0,6.0,55.86591089385369,85.95929269136641,29.248826336546973,backhand,1,1,24.349733882759207,9.310985148975616
2019020472,564,3,19:58,goal,5.0,-23.0,0,wrist,3598,faceoff,69.0,-22.0,3590.0,8.0,64.00781202322104,87.09190547921202,15.312818360806302,wrist,1,0,0.0,8.00097650290263
2019020479,607,3,15:19,goal,1.0,38.0,0,slap,3319,faceoff,20.0,22.0,3315.0,4.0,24.839484696748443,95.85405573057407,23.355564859286005,slap,1,0,0.0,6.209871174187111
2019020508,682,3,17:50,goal,7.0,-25.0,0,snap,3470,faceoff,69.0,-22.0,3464.0,6.0,62.07253821135398,85.72630868059116,16.955313052025204,snap,1,0,0.0,10.345423035225664
2019020517,605,3,18:57,goal,3.0,38.0,0,wrist,3537,takeaway,32.0,30.0,3535.0,2.0,30.083217912982647,94.02127418834527,23.838740183171723,wrist,1,0,0.0,15.041608956491324
2019020528,668,3,19:52,goal,14.0,-36.0,0,snap,3592,faceoff,69.0,22.0,3583.0,9.0,79.93122043357026,83.19254774317228,25.641005824305285,snap,1,0,0.0,8.88124671484114
2019020529,583,3,19:53,goal,3.0,7.0,0,wrist,3593,giveaway,68.0,5.0,3584.0,9.0,65.03076195155643,86.28441342444185,4.653351587268386,wrist,1,0,0.0,7.2256402168396034
2019020536,612,3,17:04,goal,4.0,24.0,0,wrist,3424,shot-on-goal,65.0,-3.0,3419.0,5.0,66.70832032063167,88.32326986700618,15.76718254247568,wrist,1,1,8.642166193573882,13.341664064126334
2019020570,598,3,17:17,goal,6.0,-38.0,0,wrist,3437,hit,96.0,-19.0,3421.0,16.0,91.98369420718,91.28526715741155,24.599790605157462,wrist,1,0,0.0,5.748980887948751
2019020648,680,3,19:53,goal,6.0,-34.0,0,wrist,3593,missed-shot,28.0,-19.0,3586.0,7.0,26.627053911388696,89.69392398596462,22.27589784825897,wrist,1,1,4.97537065631397,3.8038648444841
2019020696,551,3,15:04,goal,18.0,38.0,0,wrist,3304,giveaway,29.0,40.0,3302.0,2.0,11.180339887498947,80.52949770115296,28.156191448272576,wrist,1,0,0.0,5.5901699437494745
2019020724,613,3,18:20,goal,1.0,34.0,0,wrist,3500,missed-shot,41.0,-1.0,3494.0,6.0,53.150729063673246,94.33981132056604,21.124719146072483,wrist,1,1,19.93122972209045,8.858454843945541
2019020759,670,3,19:00,goal,9.0,33.0,0,wrist,3540,shot-on-goal,57.0,2.0,3526.0,14.0,57.14017850864661,86.53900854527974,22.416147479343643,wrist,1,1,18.83981310434629,4.081441322046187
2019020768,678,3,19:37,goal,10.0,-16.0,0,backhand,3577,giveaway,69.0,42.0,3569.0,8.0,82.73451516749222,80.60397012554654,11.449337988500032,backhand,1,0,0.0,10.341814395936527
2019020781,611,3,18:50,goal,3.0,-35.0,0,wrist,3530,faceoff,69.0,-22.0,3469.0,61.0,67.26812023536856,92.84934033152848,22.145180038223284,wrist,1,0,0.0,1.1027560694322711
2019020858,657,3,18:37,goal,4.0,34.0,0,wrist,3517,missed-shot,82.0,15.0,3513.0,4.0,80.2807573457052,91.54780172128658,21.80140948635181,wrist,1,1,43.18169703554817,20.0701893364263
2019020903,661,3,16:48,goal,8.0,-24.0,0,wrist,3408,takeaway,55.0,-41.0,3407.0,1.0,49.9799959983992,84.48076704197234,16.504361381755018,wrist,1,0,0.0,49.9799959983992
2019020997,620,3,18:11,goal,2.0,27.0,0,wrist,3491,shot-on-goal,76.0,1.0,3480.0,11.0,78.43468620451031,91.09335870413386,17.241459398939973,wrist,1,1,12.842754043944442,7.130426018591847
2019021028,607,3,19:03,goal,10.0,21.0,0,wrist,3543,giveaway,7.0,19.0,3540.0,3.0,3.605551275463989,81.74350127074322,14.886266849017565,wrist,1,0,0.0,1.2018504251546631
2019021062,619,3,19:42,goal,4.0,-40.0,0,wrist,3582,giveaway,86.0,32.0,3571.0,11.0,109.12378292562992,93.94147114027967,25.20112364547507,wrist,1,0,0.0,9.920343902329993
2019021080,576,3,19:20,goal,13.0,-33.0,0,wrist,3560,hit,86.0,33.0,3555.0,5.0,98.41239759298622,82.85529554590944,23.47099311816088,wrist,1,0,0.0,19.682479518597244
